"ID","Напомена1","Креирано","Година","Количина","Наслов","Аутори","Рбр","ISBN","Задужење","Издавач","Полица","напомена1","Напомена2","Креирање"
"[858407,1464545788]","  ","2024-10-14A12:44:04.000532+0000","  ","  ","А","  "," ","","  ","  ","  ",""," ",""
"[858407,1464545790]","  ","2024-10-14A12:44:05.000119+0000","  ","  ","1. Актуелна питања савременог законодавства (Будвански правнички дани) – Савез Удружења правника Србије и Републике Српске - 2006. ","  ","1 ","","  ","  ","  ",""," ",""
"[858407,1464545792]","  ","2024-10-14A12:44:05.000805+0000","  ","  ","2. Актуелна питања савременог законодавства (Будвански правнички дани) – Савез Удружења правника Србије и Републике Српске - 2007. ","  "," ","","  ","  ","  ",""," ",""
"[858407,1464545793]","  ","2024-10-14A12:44:06.000291+0000","  ","  ","3. Актуелна питања савременог законодавства (Будвански правнички дани) – Савез Удружења правника Србије и Републике Српске - 2008. ","  "," ","","  ","  ","  ",""," ",""
"[858407,1464545795]","  ","2024-10-14A12:44:06.000656+0000","  ","  ","4. Актуелна питања југословенског процесног законодавства – 1996.година ","  "," ","","  ","  ","  ",""," ",""
"[858407,1464545797]","  ","2024-10-14A12:44:06.000883+0000","  ","  ","5. Актуелна судска пракса из облигационих односа – Томислав Крсмановић – 2000. ","  "," ","","  ","  ","  ",""," ",""
"[858407,1464545799]","  ","2024-10-14A12:44:07.000631+0000","  ","  ","6. Адресар институција и организација које се баве проблемом трговине људима у Црној Гори – 2007. ","  "," ","","  ","  ","  ",""," ",""
"[858407,1464545800]","  ","2024-10-14A12:44:08.000057+0000","  ","  ","7. Адресар адвоката, судских вјештака и тумача – ИНГ-ПРО - 2010. – 2 ком.","  "," ","","  ","  ","  ",""," ",""
"[858407,1464545802]","  ","2024-10-14A12:44:08.000468+0000","  ","  ","8. Адресар адвоката, судских вјештака и тумача – ИНГ-ПРО - 2011. – 2 ком.","  "," ","","  ","  ","  ",""," ",""
"[858407,1464545804]","  ","2024-10-14A12:44:08.000769+0000","  ","  ","  ","  "," ","","  ","  ","  ",""," ",""
"[858407,1464545805]","  ","2024-10-14A12:44:09.000103+0000","  ","  ","Б","  "," ","","  ","  ","  ",""," ",""
"[858407,1464545807]","  ","2024-10-14A12:44:09.000388+0000","  ","  ","1. Билтен Врховног суда 2008. ","  "," ","","  ","  ","  ",""," ",""
"[858407,1464545808]","  ","2024-10-14A12:44:09.000694+0000","  ","  ","2. Билтен Врховног суда 2009. – 2 ком. ","  "," ","","  ","  ","  ",""," ",""
"[858407,1464545811]","  ","2024-10-14A12:44:10.000033+0000","  ","  ","3. Билтен Врховног суда 2010. ","  "," ","","  ","  ","  ",""," ",""
"[858407,1464545812]","  ","2024-10-14A12:44:10.000354+0000","  ","  ","4. Билтен Врховног суда 2013. ","  "," ","","  ","  ","  ",""," ",""
"[858407,1464545814]","  ","2024-10-14A12:44:10.000764+0000","  ","  ","5. Билтен Врховног суда 2014. – књига 1 ","  "," ","","  ","  ","  ",""," ",""
"[858407,1464545815]","  ","2024-10-14A12:44:11.000026+0000","  ","  ","6. Билтен Врховног суда 2014. – књига 2 ","  "," ","","  ","  ","  ",""," ",""
"[858407,1464545817]","  ","2024-10-14A12:44:11.000318+0000","  ","  ","7. Билтен Врховног суда 2015. – 2 ком. ","  "," ","","  ","  ","  ",""," ",""
"[858407,1464545819]","  ","2024-10-14A12:44:11.000635+0000","  ","  ","8. Билтен Врховног суда 2016. ","  "," ","","  ","  ","  ",""," ",""
"[858407,1464545820]","  ","2024-10-14A12:44:11.000988+0000","  ","  ","9. Билтен Врховног суда 2017. – 7 ком. ","  "," ","","  ","  ","  ",""," ",""
"[858407,1464545822]","  ","2024-10-14A12:44:12.000352+0000","  ","  ","10. Билтен Врховног суда РЦГ 1994. – 2 ком. ","  "," ","","  ","  ","  ",""," ",""
"[858407,1464545823]","  ","2024-10-14A12:44:12.000613+0000","  ","  ","11. Билтен Врховног суда РЦГ 1995. – 2 ком. ","  "," ","","  ","  ","  ",""," ",""
"[858407,1464545825]","  ","2024-10-14A12:44:12.000929+0000","  ","  ","12. Билтен Врховног суда РЦГ 1996. – 3 ком. ","  "," ","","  ","  ","  ",""," ",""
"[858407,1464545827]","  ","2024-10-14A12:44:13.000263+0000","  ","  ","13. Билтен Врховног суда РЦГ 1997. – 2 ком. ","  "," ","","  ","  ","  ",""," ",""
"[858407,1464545828]","  ","2024-10-14A12:44:13.000632+0000","  ","  ","14. Билтен Врховног суда РЦГ 1998. – 2 ком. ","  "," ","","  ","  ","  ",""," ",""
"[858407,1464545830]","  ","2024-10-14A12:44:13.000968+0000","  ","  ","15. Билтен Врховног суда РЦГ 1999. – 2 ком. ","  "," ","","  ","  ","  ",""," ",""
"[858407,1464545832]","  ","2024-10-14A12:44:14.000269+0000","  ","  ","16. Билтен Врховног суда РЦГ 2000. – 3 ком. ","  "," ","","  ","  ","  ",""," ",""
"[858407,1464545839]","  ","2024-10-14A12:44:14.000543+0000","  ","  ","17. Билтен Врховног касационог суда бр.1/2010 ","  "," ","","  ","  ","  ",""," ",""
"[858407,1464545842]","  ","2024-10-14A12:44:14.000812+0000","  ","  ","18. Билтен Врховног касационог суда бр.3/2011 ","  "," ","","  ","  ","  ",""," ",""
"[858407,1464545848]","  ","2024-10-14A12:44:15.000215+0000","  ","  ","19. Билтен Врховног касационог суда бр.2/2012 ","  "," ","","  ","  ","  ",""," ",""
"[858407,1464545851]","  ","2024-10-14A12:44:15.000523+0000","  ","  ","20. Билтен Окружног суда у Београду 48/1999 ","  "," ","","  ","  ","  ",""," ",""
"[858407,1464545856]","  ","2024-10-14A12:44:15.000829+0000","  ","  ","21. Билтен Окружног суда у Београду 49/1999 ","  "," ","","  ","  ","  ",""," ",""
"[858407,1464545860]","  ","2024-10-14A12:44:16.000126+0000","  ","  ","22. Билтен Окружног суда у Београду 50/1999 ","  "," ","","  ","  ","  ",""," ",""
"[858407,1464545865]","  ","2024-10-14A12:44:16.000511+0000","  ","  ","23. Билтен Окружног суда у Београду 54/2001 ","  "," ","","  ","  ","  ",""," ",""
"[858407,1464545869]","  ","2024-10-14A12:44:16.000792+0000","  ","  ","24. Билтен Окружног суда у Београду 57/2002 ","  "," ","","  ","  ","  ",""," ",""
"[858407,1464545874]","  ","2024-10-14A12:44:17.000101+0000","  ","  ","25. Билтен Окружног суда у Београду 58/2002 ","  "," ","","  ","  ","  ",""," ",""
"[858407,1464545879]","  ","2024-10-14A12:44:17.000371+0000","  ","  ","26. Билтен Окружног суда у Београду 63/2004 ","  "," ","","  ","  ","  ",""," ",""
"[858407,1464545883]","  ","2024-10-14A12:44:17.000715+0000","  ","  ","27. Билтен Окружног суда у Београду 64/2004 ","  "," ","","  ","  ","  ",""," ",""
"[858407,1464545889]","  ","2024-10-14A12:44:18.000037+0000","  ","  ","28. Билтен Окружног суда у Београду 66/2005 ","  "," ","","  ","  ","  ",""," ",""
"[858407,1464545894]","  ","2024-10-14A12:44:18.000396+0000","  ","  ","29. Билтен Окружног суда у Београду 68/2005 ","  "," ","","  ","  ","  ",""," ",""
"[858407,1464545898]","  ","2024-10-14A12:44:18.000745+0000","  ","  ","30. Билтен Окружног суда у Београду 70/2006 ","  "," ","","  ","  ","  ",""," ",""
"[858407,1464545903]","  ","2024-10-14A12:44:19.000082+0000","  ","  ","31. Билтен Окружног суда у Београду 75/2007 ","  "," ","","  ","  ","  ",""," ",""
"[858407,1464545908]","  ","2024-10-14A12:44:19.000530+0000","  ","  ","32. Билтен Окружног суда у Београду 76/2007 ","  "," ","","  ","  ","  ",""," ",""
"[858407,1464545912]","  ","2024-10-14A12:44:19.000791+0000","  ","  ","33. Билтен Окружног суда у Београду 78/2008 ","  "," ","","  ","  ","  ",""," ",""
"[858407,1464545916]","  ","2024-10-14A12:44:20.000174+0000","  ","  ","34. Билтен Окружног суда у Београду 80/2009 ","  "," ","","  ","  ","  ",""," ",""
"[858407,1464545921]","  ","2024-10-14A12:44:20.000452+0000","  ","  ","35. Билтен судске праксе Окружног суда у Новом Саду 15/2009 – 2 ком. ","  "," ","","  ","  ","  ",""," ",""
"[858407,1464545924]","  ","2024-10-14A12:44:20.000698+0000","  ","  ","36. Билтен службених мишљења Министарства за рад,  запошљавање 3/2016","  "," ","","  ","  ","  ",""," ",""
"[858407,1464545928]","  ","2024-10-14A12:44:20.000988+0000","  ","  ","37. Билтен судске праксе Врховног суда Србије 3/1995 ","  "," ","","  ","  ","  ",""," ",""
"[858407,1464545931]","  ","2024-10-14A12:44:21.000286+0000","  ","  ","38. Билтен судске праксе Врховног суда Србије 3/1996 ","  "," ","","  ","  ","  ",""," ",""
"[858407,1464545937]","  ","2024-10-14A12:44:21.000682+0000","  ","  ","39. Билтен судске праксе Врховног суда Србије 4/1997 ","  "," ","","  ","  ","  ",""," ",""
"[858407,1464545942]","  ","2024-10-14A12:44:22.000020+0000","  ","  ","40. Билтен судске праксе Врховног суда Србије 1/1998 ","  "," ","","  ","  ","  ",""," ",""
"[858407,1464546140]","  ","2024-10-14A12:44:22.000425+0000","  ","  ","41. Билтен судске праксе Врховног суда Србије 3/1999 ","  "," ","","  ","  ","  ",""," ",""
"[858407,1464546145]","  ","2024-10-14A12:44:22.000798+0000","  ","  ","42. Билтен судске праксе Врховног суда Србије 2/2000 ","  "," ","","  ","  ","  ",""," ",""
"[858407,1464546730]","  ","2024-10-14A12:44:23.000271+0000","  ","  ","43. Билтен судске праксе Савезни суд 43/1997 – 2 ком. ","  "," ","","  ","  ","  ",""," ",""
"[858407,1464546735]","  ","2024-10-14A12:44:23.000595+0000","  ","  ","44. Билтен судске праксе Савезни суд 48/2000 ","  "," ","","  ","  ","  ",""," ",""
"[858407,1464546741]","  ","2024-10-14A12:44:23.000963+0000","  ","  ","45. Билтен судске праксе Савезни суд 49/2000 ","  "," ","","  ","  ","  ",""," ",""
"[858407,1464546746]","  ","2024-10-14A12:44:24.000261+0000","  ","  ","46. Билтен судске праксе Вишег суда у Краљеву 2/2011 ","  "," ","","  ","  ","  ",""," ",""
"[858407,1464546749]","  ","2024-10-14A12:44:24.000531+0000","  ","  ","47. Билтен судске праксе Вишег суда у Крагујевцу 1/2011 ","  "," ","","  ","  ","  ",""," ",""
"[858407,1464546753]","  ","2024-10-14A12:44:24.000799+0000","  ","  ","48. Билтен Апелационог суда у Нишу 1/2010 ","  "," ","","  ","  ","  ",""," ",""
"[858407,1464546758]","  ","2024-10-14A12:44:25.000156+0000","  ","  ","49. Билтен судске праксе Врховног суда Србије 1/2005 ","  "," ","","  ","  ","  ",""," ",""
"[858407,1464546762]","  ","2024-10-14A12:44:25.000511+0000","  ","  ","50. Билтен судске праксе Србије 2/2004 ","  "," ","","  ","  ","  ",""," ",""
"[858407,1464546766]","  ","2024-10-14A12:44:25.000896+0000","  ","  ","51. Билтен судске праксе Врховног суда Србије 3/2004 ","  "," ","","  ","  ","  ",""," ",""
"[858407,1464546771]","  ","2024-10-14A12:44:26.000285+0000","  ","  ","52. Билтен Врховног суда Републике Црне Горе – 2006 – 3 ком. ","  "," ","","  ","  ","  ",""," ",""
"[858407,1464546776]","  ","2024-10-14A12:44:26.000661+0000","  ","  ","53. Билтен Врховног суда Републике Црне Горе – 2002 – ","  "," ","","  ","  ","  ",""," ",""
"[858407,1464546780]","  ","2024-10-14A12:44:27.000017+0000","  ","  ","54. Билтен Привредног суда у Подгорици – 9/2005 – 2 ком. ","  "," ","","  ","  ","  ",""," ",""
"[858407,1464546784]","  ","2024-10-14A12:44:27.000447+0000","  ","  ","55. Билтен Државног тужилаштва Црне Горе – 2017 – 72 ком. ","  "," ","","  ","  ","  ",""," ",""
"[858407,1464546787]","  ","2024-10-14A12:44:27.000693+0000","  ","  ","56. Билтен Министарства финансија РЦГ – 6/2006 ","  "," ","","  ","  ","  ",""," ",""
"[858407,1464546790]","  ","2024-10-14A12:44:27.000924+0000","  ","  ","57. Билтен Министарства финансија РЦГ – 10/2007 ","  "," ","","  ","  ","  ",""," ",""
"[858407,1464546794]","  ","2024-10-14A12:44:28.000172+0000","  ","  ","58. Билтен Министарства финансија РЦГ – 11/2008 ","  "," ","","  ","  ","  ",""," ",""
"[858407,1464546797]","  ","2024-10-14A12:44:28.000432+0000","  ","  ","59. Билтен Министарства финансија РЦГ – 12/2008 ","  "," ","","  ","  ","  ",""," ",""
"[858407,1464546802]","  ","2024-10-14A12:44:28.000805+0000","  ","  ","60. Билтен Министарства финансија РЦГ – 13/2008 ","  "," ","","  ","  ","  ",""," ",""
"[858407,1464546805]","  ","2024-10-14A12:44:29.000093+0000","  ","  ","61. Билтен Министарства финансија РЦГ – 14/2008 ","  "," ","","  ","  ","  ",""," ",""
"[858407,1464546810]","  ","2024-10-14A12:44:29.000421+0000","  ","  ","62. Билтен Министарства финансија РЦГ – 15/2009 ","  "," ","","  ","  ","  ",""," ",""
"[858407,1464546814]","  ","2024-10-14A12:44:29.000714+0000","  ","  ","63. Билтен судске праксе Врховног суда Савезне Републике Црне Горе – 1-6/1988 ","  "," ","","  ","  ","  ",""," ",""
"[858407,1464546817]","  ","2024-10-14A12:44:29.000991+0000","  ","  ","64. Билтен судске праксе Врховног суда Савезне Републике Црне Горе – 7-12/1988 ","  "," ","","  ","  ","  ",""," ",""
"[858407,1464546821]","  ","2024-10-14A12:44:30.000320+0000","  ","  ","65. Билтен судске праксе Савезног суда – 20/1984 ","  "," ","","  ","  ","  ",""," ",""
"[858407,1464546825]","  ","2024-10-14A12:44:30.000598+0000","  ","  ","66. Билтен судске праксе Савезног суда – 25/1986 ","  "," ","","  ","  ","  ",""," ",""
"[858407,1464546830]","  ","2024-10-14A12:44:30.000916+0000","  ","  ","67. Билтен судске праксе Савезног суда – 27/1987 ","  "," ","","  ","  ","  ",""," ",""
"[858407,1464546834]","  ","2024-10-14A12:44:31.000184+0000","  ","  ","68. Билтен судске праксе Савезног суда – 28/1988 ","  "," ","","  ","  ","  ",""," ",""
"[858407,1464546838]","  ","2024-10-14A12:44:31.000499+0000","  ","  ","69. Билтен судске праксе Савезног суда – 29/1988 ","  "," ","","  ","  ","  ",""," ",""
"[858407,1464546841]","  ","2024-10-14A12:44:31.000795+0000","  ","  ","70. Библиографија Копаоничке школе природног права – 2008 ","  "," ","","  ","  ","  ",""," ",""
"[858407,1464546845]","  ","2024-10-14A12:44:32.000088+0000","  ","  ","71. Библиографија Копаоничке школе природног права – 2009 – 2 ком. ","  "," ","","  ","  ","  ",""," ",""
"[858407,1464546849]","  ","2024-10-14A12:44:32.000356+0000","  ","  ","72. Библиографија Копаоничке школе природног права – 2011 ","  "," ","","  ","  ","  ",""," ",""
"[858407,1464546853]","  ","2024-10-14A12:44:32.000688+0000","  ","  ","73. Библиографија Копаоничке школе природног права – 2013 ","  "," ","","  ","  ","  ",""," ",""
"[858407,1464546857]","  ","2024-10-14A12:44:33.000089+0000","  ","  ","74. Безбједност саобраћаја – Проф.др. Слободан Пантазијевић – 1994 ","  "," ","","  ","  ","  ",""," ",""
"[858407,1464546860]","  ","2024-10-14A12:44:33.000318+0000","  ","  ","  ","  "," ","","  ","  ","  ",""," ",""
"[858407,1464546864]","  ","2024-10-14A12:44:33.000645+0000","  ","  ","В ","  "," ","","  ","  ","  ",""," ",""
"[858407,1464546869]","  ","2024-10-14A12:44:34.000028+0000","  ","  ","1. Водич кроз кривични поступак и развој комуникацијских вјештина – Веселин Вучковић, Мартина Михордин, Драгана Унковић Маљевић – 4 ком.","  "," ","","  ","  ","  ",""," ",""
"[858407,1464546872]","  ","2024-10-14A12:44:34.000299+0000","  ","  ","2. Водич кроз судове Црне Горе - Удружење судија Црне Горе ","  "," ","","  ","  ","  ",""," ",""
"[858407,1464546875]","  ","2024-10-14A12:44:34.000532+0000","  ","  ","3. Водич кроз кривични и грађански поступак – Удружење судија Црне Горе ","  "," ","","  ","  ","  ",""," ",""
"[858407,1464546878]","  ","2024-10-14A12:44:34.000772+0000","  ","  ","4. Водич кроз УН-ову Конвенцију из 1949. о сузбијању трговања особама и искоришћавања проституције других – Малка Марцовицх ","  "," ","","  ","  ","  ",""," ",""
"[858407,1464546882]","  ","2024-10-14A12:44:35.000065+0000","  ","  ","5. Вријеме метежа 1998-89 – Владимир Кековић ","  "," ","","  ","  ","  ",""," ",""
"[858407,1464546886]","  ","2024-10-14A12:44:35.000387+0000","  ","  ","6. Високотехнолошки криминал – практични водич кроз савремено кривично право и примјере из праксе – ОСЦЕ – 2014. ","  "," ","","  ","  ","  ",""," ",""
"[858407,1464546891]","  ","2024-10-14A12:44:35.000658+0000","  ","  ","Г","  "," ","","  ","  ","  ",""," ",""
"[858407,1464546895]","  ","2024-10-14A12:44:36.000004+0000","  ","  ","1. Годишњи извјешта Министарства финансија ЦГ за 2007.год. ","  "," ","","  ","  ","  ",""," ",""
"[858407,1464546898]","  ","2024-10-14A12:44:36.000320+0000","  ","  ","2. Грађанска контрола рада полиције у Црној Гори – 2008 ","  "," ","","  ","  ","  ",""," ",""
"[858407,1464546905]","  ","2024-10-14A12:44:36.000701+0000","  ","  ","3. Грађанскоправна конвенција о корупцији - 4 ком. ","  "," ","","  ","  ","  ",""," ",""
"[858407,1464546909]","  ","2024-10-14A12:44:37.000038+0000","  ","  ","4. Грке Године – Владимир Кековић ","  "," ","","  ","  ","  ",""," ",""
"[858407,1464546912]","  ","2024-10-14A12:44:37.000279+0000","  ","  ","  ","  "," ","","  ","  ","  ",""," ",""
"[858407,1464546916]","  ","2024-10-14A12:44:37.000502+0000","  ","  ","Д ","  "," ","","  ","  ","  ",""," ",""
"[858407,1464546920]","  ","2024-10-14A12:44:37.000807+0000","  ","  ","1. Документи консултативног вијећа европских судија – Центар за едукацију носилаца правосудне функције у Црној Гори – 2009 – 5 ком. ","  "," ","","  ","  ","  ",""," ",""
"[858407,1464546923]","  ","2024-10-14A12:44:38.000082+0000","  ","  ","2. Декларација копаоничке школе привредног права - 2002 ","  "," ","","  ","  ","  ",""," ",""
"[858407,1464546927]","  ","2024-10-14A12:44:38.000430+0000","  ","  ","Ђ ","  "," ","","  ","  ","  ",""," ",""
"[858407,1464546930]","  ","2024-10-14A12:44:38.000694+0000","  ","  ","  ","  "," ","","  ","  ","  ",""," ",""
"[858407,1464546934]","  ","2024-10-14A12:44:38.000949+0000","  ","  ","Е ","  "," ","","  ","  ","  ",""," ",""
"[858407,1464546937]","  ","2024-10-14A12:44:39.000188+0000","  ","  ","1. Економски фискални програм за Црну Гору – Министарство финансија - 2008-2011 ","  "," ","","  ","  ","  ",""," ",""
"[858407,1464546940]","  ","2024-10-14A12:44:39.000518+0000","  ","  ","2. Европска Конвенција о људским правима – 2003. ","  "," ","","  ","  ","  ",""," ",""
"[858407,1464546944]","  ","2024-10-14A12:44:39.000859+0000","  ","  ","3. Европска Конвенција о људским правима – 2003. ","  "," ","","  ","  ","  ",""," ",""
"[858407,1464546948]","  ","2024-10-14A12:44:40.000167+0000","  ","  ","  ","  "," ","","  ","  ","  ",""," ",""
"[858407,1464546951]","  ","2024-10-14A12:44:40.000470+0000","  ","  ","Ж ","  "," ","","  ","  ","  ",""," ",""
"[858407,1464546954]","  ","2024-10-14A12:44:40.000734+0000","  ","  ","  ","  "," ","","  ","  ","  ",""," ",""
"[858407,1464546959]","  ","2024-10-14A12:44:40.000991+0000","  ","  ","З ","  "," ","","  ","  ","  ",""," ",""
"[858407,1464546962]","  ","2024-10-14A12:44:41.000267+0000","  ","  ","  ","  "," ","","  ","  ","  ",""," ",""
"[858407,1464546968]","  ","2024-10-14A12:44:41.000645+0000","  ","  ","1. Збирка одлука Управног суда РЦГ -2005.год. ","  "," ","","  ","  ","  ",""," ",""
"[858407,1464546971]","  ","2024-10-14A12:44:41.000973+0000","  ","  ","2. Збирка одлука Управног суда РЦГ –И дио-2006.год. ","  "," ","","  ","  ","  ",""," ",""
"[858407,1464546974]","  ","2024-10-14A12:44:42.000227+0000","  ","  ","3. Збирка одлука Управног суда РЦГ –ИИ дио-2006.год. ","  "," ","","  ","  ","  ",""," ",""
"[858407,1464546979]","  ","2024-10-14A12:44:42.000506+0000","  ","  ","4. Збирка одлука Управног суда РЦГ –И дио-2008.год. ","  "," ","","  ","  ","  ",""," ",""
"[858407,1464546983]","  ","2024-10-14A12:44:42.000884+0000","  ","  ","5. Збирка одлука Управног суда РЦГ –ИИ дио-2008.год. ","  "," ","","  ","  ","  ",""," ",""
"[858407,1464547180]","  ","2024-10-14A12:44:43.000211+0000","  ","  ","6. Збирка одлука Врховних судова донијетих у управним споровима 1953,1954 и 1955.год.-1956год.","  "," ","","  ","  ","  ",""," ",""
"[858407,1464547376]","  ","2024-10-14A12:44:43.000469+0000","  ","  ","7. Зборник радова ( Европски простор правде) -3 ком. ","  "," ","","  ","  ","  ",""," ",""
"[858407,1464547573]","  ","2024-10-14A12:44:43.000754+0000","  ","  ","8. Зборник Правног факултета у Подгорици ","  "," ","","  ","  ","  ",""," ",""
"[858407,1464547577]","  ","2024-10-14A12:44:44.000004+0000","  ","  ","9. Зборник судске праксе-1980.год. ","  "," ","","  ","  ","  ",""," ",""
"[858407,1464547580]","  ","2024-10-14A12:44:44.000313+0000","  ","  ","10.Збирка прописа из области социјалне и дјечије заштите 2000.год.-2 ком. ","  "," ","","  ","  ","  ",""," ",""
"[858407,1464547583]","  ","2024-10-14A12:44:44.000560+0000","  ","  ","11.Збирка прописа који се примјењују за вријеме ратног стања-1999.год. ","  "," ","","  ","  ","  ",""," ",""
"[858407,1464547586]","  ","2024-10-14A12:44:44.000824+0000","  ","  ","12.Збирка закона о прекршајима- 1986.год. ","  "," ","","  ","  ","  ",""," ",""
"[858407,1464547590]","  ","2024-10-14A12:44:45.000144+0000","  ","  ","13.Збирка судских одлука -1963.год. ","  "," ","","  ","  ","  ",""," ",""
"[858407,1464547596]","  ","2024-10-14A12:44:45.000516+0000","  ","  ","14.Збирка судских одлука из кривичноправне материје -2004.год. ","  "," ","","  ","  ","  ",""," ",""
"[858407,1464547600]","  ","2024-10-14A12:44:45.000829+0000","  ","  ","15.Завршни документ Копаоничке школе природног права 2003.год. ","  "," ","","  ","  ","  ",""," ",""
"[858407,1464547603]","  ","2024-10-14A12:44:46.000120+0000","  ","  ","16.Завршни документ Копаоничке школе природног права 2004.год. ","  "," ","","  ","  ","  ",""," ",""
"[858407,1464547608]","  ","2024-10-14A12:44:46.000484+0000","  ","  ","17.Завршни документ Копаоничке школе природног права 2014.год.-3 ком. ","  "," ","","  ","  ","  ",""," ",""
"[858407,1464547612]","  ","2024-10-14A12:44:46.000838+0000","  ","  ","18.Заштита свједока код тешких кривичних дјела (процесне мјере заштите свједока) ","  "," ","","  ","  ","  ",""," ",""
"[858407,1464547617]","  ","2024-10-14A12:44:47.000221+0000","  ","  ","19.Заштита података у Еуројусту- 2014.год.-7 ком. ","  "," ","","  ","  ","  ",""," ",""
"[858407,1464547622]","  ","2024-10-14A12:44:47.000516+0000","  ","  ","20.Закон о државном тужилаштву и правилник о унутрашњем пословању -2010.год.- 2 ком. ","  "," ","","  ","  ","  ",""," ",""
"[858407,1464547626]","  ","2024-10-14A12:44:47.000908+0000","  ","  ","21.Закон о парничном поступку са судском праксом –мр.Радмила Петаковић-1995.год. ","  "," ","","  ","  ","  ",""," ",""
"[858407,1464547631]","  ","2024-10-14A12:44:48.000210+0000","  ","  ","22.Законик о кривичном поступку РЦГ- 2004.год.-2 ком. ","  "," ","","  ","  ","  ",""," ",""
"[858407,1464547634]","  ","2024-10-14A12:44:48.000587+0000","  ","  ","23.Закон о јавним набавкама са коментаром –др. Милорад Ивовић,  др. Рајко Миловић,  др. Драган Прља -2001.год.""","  "," ","","  ","  ","  ",""," ",""
"[858407,1464547638]","  ","2024-10-14A12:44:48.000869+0000","  ","  ","24.Закон о кривичном поступку са судском праксом –др. Широ Вуковић -1988.год. ","  "," ","","  ","  ","  ",""," ",""
"[858407,1464547641]","  ","2024-10-14A12:44:49.000190+0000","  ","  ","25.Закон о застрарјелости потраживања са судском праксом –Милош Исаковић и Петар Шурлан -1977.год. ","  "," ","","  ","  ","  ",""," ",""
"[858407,1464547645]","  ","2024-10-14A12:44:49.000494+0000","  ","  ","26.Закон о општем управном поступку и о управним споровима-1988.год. ","  "," ","","  ","  ","  ",""," ",""
"[858407,1464547650]","  ","2024-10-14A12:44:49.000761+0000","  ","  ","27.Законик о кривичном поступку -2002.год. ","  "," ","","  ","  ","  ",""," ",""
"[858407,1464547661]","  ","2024-10-14A12:44:50.000758+0000","  ","  ","28.Закон о предузећима -1998.год. ","  "," ","","  ","  ","  ",""," ",""
"[858407,1464547664]","  ","2024-10-14A12:44:51.000110+0000","  ","  ","29.Закон о јавним набавкама -2008.год. ","  "," ","","  ","  ","  ",""," ",""
"[858407,1464547669]","  ","2024-10-14A12:44:51.000425+0000","  ","  ","30.Закон о привредним друштвима -2005.год. ","  "," ","","  ","  ","  ",""," ",""
"[858407,1464547673]","  ","2024-10-14A12:44:51.000737+0000","  ","  ","31.Законик о кривичном поступку РЦГ -2007.год. ","  "," ","","  ","  ","  ",""," ",""
"[858407,1464547688]","  ","2024-10-14A12:44:52.000005+0000","  ","  ","32.Закон о поступању према малољетницима у кривичном попступку-2013.год. ","  "," ","","  ","  ","  ",""," ",""
"[858407,1464547705]","  ","2024-10-14A12:44:52.000518+0000","  ","  ","33.Закон о раду РЦГ-2008.год. ","  "," ","","  ","  ","  ",""," ",""
"[858407,1464547708]","  ","2024-10-14A12:44:52.000781+0000","  ","  ","34.Закон о безбједности саобраћаја на путевима -2017.год-4 ком. ","  "," ","","  ","  ","  ",""," ",""
"[858407,1464547808]","  ","2024-10-14A12:44:56.000416+0000","  ","  ","35.Закон о одузимању имовинске користи стечене криминалном дјелатношћу -2017.год. ","  "," ","","  ","  ","  ",""," ",""
"[858407,1464547812]","  ","2024-10-14A12:44:57.000431+0000","  ","  ","36.Закон о државном тужиоцу 2005.год.-4 ком. ","  "," ","","  ","  ","  ",""," ",""
"[858407,1464547822]","  ","2024-10-14A12:44:58.000045+0000","  ","  ","37.Закон о државном тужилаштву и закон о специјлном државном тужилаштву -2015.год.-57 ком. ","  "," ","","  ","  ","  ",""," ",""
"[858407,1464547826]","  ","2024-10-14A12:44:58.000440+0000","  ","  ","38 ","  "," ","","  ","  ","  ",""," ",""
"[858407,1464547836]","  ","2024-10-14A12:44:59.000321+0000","  ","  ","  ","  "," ","","  ","  ","  ",""," ",""
"[858407,1464547858]","  ","2024-10-14A12:45:00.000124+0000","  ","  ","  ","  "," ","","  ","  ","  ",""," ",""
"[858407,1464547863]","  ","2024-10-14A12:45:00.000528+0000","  ","  ","И ","  "," ","","  ","  ","  ",""," ",""
"[858407,1464547868]","  ","2024-10-14A12:45:00.000881+0000","  ","  ","1. Извјештај о раду Врховног државног тужилаштва за 2007.год ","  "," ","","  ","  ","  ",""," ",""
"[858407,1464547873]","  ","2024-10-14A12:45:01.000195+0000","  ","  ","2. Извјештај о раду Врховног државног тужилаштва за 2008.год. ","  "," ","","  ","  ","  ",""," ",""
"[858407,1464547880]","  ","2024-10-14A12:45:01.000685+0000","  ","  ","3. Извјештај о раду Врховног државног тужиоца ЦГ о раду државног тужилаштва за 2009.год. ","  "," ","","  ","  ","  ",""," ",""
"[858407,1464547886]","  ","2024-10-14A12:45:02.000080+0000","  ","  ","4. Извјештај о раду Врховног државног тужиоца ЦГ о раду државног тужилаштва за 2010.год. ","  "," ","","  ","  ","  ",""," ",""
"[858407,1464547896]","  ","2024-10-14A12:45:02.000687+0000","  ","  ","5. Извјештај Врховног државног тужилашта о раду државног тужилаштва за 2013.год. ","  "," ","","  ","  ","  ",""," ",""
"[858407,1464547902]","  ","2024-10-14A12:45:03.000086+0000","  ","  ","6. Извјештај о раду тужилачког савјета и државног тужилаштва за 2016.год.-32 ком. ","  "," ","","  ","  ","  ",""," ",""
"[858407,1464547908]","  ","2024-10-14A12:45:03.000487+0000","  ","  ","7. Извјештај о раду тужилачког савјета и државног тужилаштва за 2017.год.-4 ком. ","  "," ","","  ","  ","  ",""," ",""
"[858407,1464548107]","  ","2024-10-14A12:45:03.000811+0000","  ","  ","8. Извори за римско облигационо право –др. Невенка Богојевић Глушчевић-1977.год.-2 ком. ","  "," ","","  ","  ","  ",""," ",""
"[858407,1464548499]","  ","2024-10-14A12:45:04.000170+0000","  ","  ","9. Именик адвоката, судских вјештака и тумача Србије и Црне Горе-2011.год.","  "," ","","  ","  ","  ",""," ",""
"[858407,1464548503]","  ","2024-10-14A12:45:04.000462+0000","  ","  ","10.Изводи из најзначајнијих одлука Европског суда за људска права –Жил Дитертр ","  "," ","","  ","  ","  ",""," ",""
"[858407,1464548507]","  ","2024-10-14A12:45:04.000718+0000","  ","  ","11.Историјски развитак права својине од римског доба па до данас –Гавро Вуковић ","  "," ","","  ","  ","  ",""," ",""
"[858407,1464548514]","  ","2024-10-14A12:45:05.000086+0000","  ","  ","12. Извод из дисциплинске праксе ВСТВ-а БиХ – 2009. ","  "," ","","  ","  ","  ",""," ",""
"[858407,1464548520]","  ","2024-10-14A12:45:05.000483+0000","  ","  ","  ","  "," ","","  ","  ","  ",""," ",""
"[858407,1464548525]","  ","2024-10-14A12:45:05.000764+0000","  ","  ","Ј ","  "," ","","  ","  ","  ",""," ",""
"[858407,1464548530]","  ","2024-10-14A12:45:06.000182+0000","  ","  ","1. Југословенска ревија за криминологију и кривично право – 1979 ","  "," ","","  ","  ","  ",""," ",""
"[858407,1464548535]","  ","2024-10-14A12:45:06.000478+0000","  ","  ","2. Југословенска ревија за криминологију и кривично право – 1983 ","  "," ","","  ","  ","  ",""," ",""
"[858407,1464548542]","  ","2024-10-14A12:45:06.000917+0000","  ","  ","  ","  "," ","","  ","  ","  ",""," ",""
"[858407,1464548547]","  ","2024-10-14A12:45:07.000218+0000","  ","  ","К ","  "," ","","  ","  ","  ",""," ",""
"[858407,1464548552]","  ","2024-10-14A12:45:07.000538+0000","  ","  ","1. Кривични законик СФРЈ са напоменама ","  "," ","","  ","  ","  ",""," ",""
"[858407,1464548558]","  ","2024-10-14A12:45:07.000880+0000","  ","  ","2. Коментар Кривичног закона СФРЈ 1978.год. ","  "," ","","  ","  ","  ",""," ",""
"[858407,1464548562]","  ","2024-10-14A12:45:08.000180+0000","  ","  ","3. Коментар Кривичног законика Црне Горе –др Љубиша Лазаревић, др Бранко Вукчевић и др Весна Вукчевић 2004.год.","  "," ","","  ","  ","  ",""," ",""
"[858407,1464548567]","  ","2024-10-14A12:45:08.000435+0000","  ","  ","4. Коментар Кривичног законика Црне Горе –др Љубиша Лазаревић, др Бранко Вукчевић и др Весна Вукчевић 2010.год.","  "," ","","  ","  ","  ",""," ",""
"[858407,1464548572]","  ","2024-10-14A12:45:08.000741+0000","  ","  ","5. Коментар Кривичног законика - проф.др Зоран Стојановић-2010.год. ","  "," ","","  ","  ","  ",""," ",""
"[858407,1464548578]","  ","2024-10-14A12:45:09.000124+0000","  ","  ","6. Коментар З ","  "," ","","  ","  ","  ",""," ",""
"[858407,1464548584]","  ","2024-10-14A12:45:09.000453+0000","  ","  ","7. аконика о кривичном поступку Црне Горе проф др Момчило Грубач, проф др Бранко Вукчевић-2015.год.","  "," ","","  ","  ","  ",""," ",""
"[858407,1464548589]","  ","2024-10-14A12:45:09.000814+0000","  ","  ","8. Коментар Закона о одговорности правних лица –др Љубиша Лазаревић, др Бранко Вучковић, др Весна Вучковић-2007.год.-8 ком.","  "," ","","  ","  ","  ",""," ",""
"[858407,1464548594]","  ","2024-10-14A12:45:10.000067+0000","  ","  ","9. Коментар Закона о међународној правној помоћи у кривичним стварима –проф.др Момчило Грубач, доц.др Бранко Вучковић -5 ком.","  "," ","","  ","  ","  ",""," ",""
"[858407,1464548599]","  ","2024-10-14A12:45:10.000421+0000","  ","  ","10.Коментар Закона о основама својинскоправних односа-мр Станислав Вуковић-1999.год. ","  "," ","","  ","  ","  ",""," ",""
"[858407,1464548603]","  ","2024-10-14A12:45:10.000666+0000","  ","  ","11.Коментар Устава РЦГ 1992.год.-др Славко Лукић, Миодраг Вуковић-2002.год. ","  "," ","","  ","  ","  ",""," ",""
"[858407,1464548608]","  ","2024-10-14A12:45:10.000925+0000","  ","  ","12.Коментар Закона о извршењу кривичних санкција РС и РЦГ-2000.год. ","  "," ","","  ","  ","  ",""," ",""
"[858407,1464548613]","  ","2024-10-14A12:45:11.000237+0000","  ","  ","13.Коментар Закона о привредним преступима –мр Пантелија Јеремић,мр Мирослав Врховчек-1986.год.","  "," ","","  ","  ","  ",""," ",""
"[858407,1464548625]","  ","2024-10-14A12:45:11.000504+0000","  ","  ","14.Коментар Закона о основнима правима из радног односа-Младен Косовац, Благоје Граховац-1989.год. ","  "," ","","  ","  ","  ",""," ",""
"[858407,1464548634]","  ","2024-10-14A12:45:11.000836+0000","  ","  ","15.Кривични законик РЦГ -2004.год. ","  "," ","","  ","  ","  ",""," ",""
"[858407,1464548644]","  ","2024-10-14A12:45:12.000239+0000","  ","  ","16.Кривични законик РЦГ-2009.год. ","  "," ","","  ","  ","  ",""," ",""
"[858407,1464548648]","  ","2024-10-14A12:45:12.000531+0000","  ","  ","17. Кривични законик РЦГ – 2010.год. ","  "," ","","  ","  ","  ",""," ",""
"[858407,1464548653]","  ","2024-10-14A12:45:12.000782+0000","  ","  ","18.Кривични законик,  Законик о кривичном поступку, Закон о извршењу казне затвора, новчане казне и мјере безбједности-2015.год. ","  "," ","","  ","  ","  ",""," ",""
"[858407,1464548658]","  ","2024-10-14A12:45:13.000087+0000","  ","  ","19.Кривична дјела против достојанства личности и морала –др Бранко Вучковић 2000.год. ","  "," ","","  ","  ","  ",""," ",""
"[858407,1464548662]","  ","2024-10-14A12:45:13.000438+0000","  ","  ","20.Кривична дјела убиства у југословенској судској пракси 1951-2001; др Ђорђе Лопичић-2003.год. ","  "," ","","  ","  ","  ",""," ",""
"[858407,1464548666]","  ","2024-10-14A12:45:13.000753+0000","  ","  ","21.Казнено-правна регулатива и анализа Црна Гора, Србија Македонија, Албанија и БиХ ","  "," ","","  ","  ","  ",""," ",""
"[858407,1464548671]","  ","2024-10-14A12:45:14.000011+0000","  ","  ","22.Конвенција УН против корупције ","  "," ","","  ","  ","  ",""," ",""
"[858407,1464548677]","  ","2024-10-14A12:45:14.000321+0000","  ","  ","23.Креирање сугурног окружења за ЛГБТИQ особе ","  "," ","","  ","  ","  ",""," ",""
"[858407,1464548684]","  ","2024-10-14A12:45:14.000683+0000","  ","  ","24.Компатибилност црногорског права са одредбама Европске конвенције о људским правима ","  "," ","","  ","  ","  ",""," ",""
"[858407,1464548690]","  ","2024-10-14A12:45:15.000055+0000","  ","  ","25. Казна затвора и њене алтернатаиве-др.Весна Ратковић ","  "," ","","  ","  ","  ",""," ",""
"[858407,1464548695]","  ","2024-10-14A12:45:15.000375+0000","  ","  ","26. Кривичноправна заштита ЛГБТ особа:Улога и поступање тужилаштва-45 ком ","  "," ","","  ","  ","  ",""," ",""
"[858407,1464548700]","  ","2024-10-14A12:45:15.000695+0000","  ","  ","27 ","  "," ","","  ","  ","  ",""," ",""
"[858407,1464548706]","  ","2024-10-14A12:45:16.000008+0000","  ","  ","  ","  "," ","","  ","  ","  ",""," ",""
"[858407,1464548711]","  ","2024-10-14A12:45:16.000345+0000","  ","  ","Л ","  "," ","","  ","  ","  ",""," ",""
"[858407,1464548716]","  ","2024-10-14A12:45:16.000673+0000","  ","  ","1. Лексика у криминолошком регистру-др.Бранкица Бојовић-2010 - 3 ком. ","  "," ","","  ","  ","  ",""," ",""
"[858407,1464548720]","  ","2024-10-14A12:45:16.000976+0000","  ","  ","  ","  "," ","","  ","  ","  ",""," ",""
"[858407,1464548725]","  ","2024-10-14A12:45:17.000292+0000","  ","  ","Љ ","  "," ","","  ","  ","  ",""," ",""
"[858407,1464548734]","  ","2024-10-14A12:45:17.000659+0000","  ","  ","1. Људска права у Европи (правни билтен) – бр. 1/2011 – 12 ком. ","  "," ","","  ","  ","  ",""," ",""
"[858407,1464548740]","  ","2024-10-14A12:45:17.000968+0000","  ","  ","2. Људска права у Европи (правни билтен) – бр. 2/2011 – 6 ком. ","  "," ","","  ","  ","  ",""," ",""
"[858407,1464548746]","  ","2024-10-14A12:45:18.000267+0000","  ","  ","3. Људска права у Европи (правни билтен) – бр. 3/2011 – 16 ком. ","  "," ","","  ","  ","  ",""," ",""
"[858407,1464548750]","  ","2024-10-14A12:45:18.000591+0000","  ","  ","4. Људска права у Европи (правни билтен) – бр. 4/2011 – 4 ком. ","  "," ","","  ","  ","  ",""," ",""
"[858407,1464548756]","  ","2024-10-14A12:45:18.000903+0000","  ","  ","5. Људска права у Европи (правни билтен) – бр. 2/2012 – 19 ком. ","  "," ","","  ","  ","  ",""," ",""
"[858407,1464548760]","  ","2024-10-14A12:45:19.000204+0000","  ","  ","6. Људска права у Европи (правни билтен) – бр. 3/2012 – 8 ком. ","  "," ","","  ","  ","  ",""," ",""
"[858407,1464548769]","  ","2024-10-14A12:45:19.000537+0000","  ","  ","7. Људска права у Европи (правни билтен) – бр. 1/2013 – 32 ком. ","  "," ","","  ","  ","  ",""," ",""
"[858407,1464548774]","  ","2024-10-14A12:45:19.000931+0000","  ","  ","8. Људска права у Европи (правни билтен) – бр. 2/2013 – 70 ком. ","  "," ","","  ","  ","  ",""," ",""
"[858407,1464548973]","  ","2024-10-14A12:45:20.000241+0000","  ","  ","9. Људска права у Европи (правни билтен) – бр. 3/2013 – 10 ком. ","  "," ","","  ","  ","  ",""," ",""
"[858407,1464548977]","  ","2024-10-14A12:45:20.000503+0000","  ","  ","10. Људска права у Европи (правни билтен) – бр. 4/2013 – 9 ком. ","  "," ","","  ","  ","  ",""," ",""
"[858407,1464548981]","  ","2024-10-14A12:45:20.000759+0000","  ","  ","11. Људска права у Европи (правни билтен) – бр. 1/2014 – 12 ком. ","  "," ","","  ","  ","  ",""," ",""
"[858407,1464548986]","  ","2024-10-14A12:45:21.000075+0000","  ","  ","12. Људска права у Европи (правни билтен) – бр. 3/2014 – 6 ком. ","  "," ","","  ","  ","  ",""," ",""
"[858407,1464548991]","  ","2024-10-14A12:45:21.000417+0000","  ","  ","13. Људска права у Европи (правни билтен) – бр. 2/2015 – 7 ком. ","  "," ","","  ","  ","  ",""," ",""
"[858407,1464548996]","  ","2024-10-14A12:45:21.000684+0000","  ","  ","14. Људска права у Европи (правни билтен) – бр. 4/2015 – 7 ком. ","  "," ","","  ","  ","  ",""," ",""
"[858407,1464549000]","  ","2024-10-14A12:45:21.000969+0000","  ","  ","15. Људска права у Европи (правни билтен) – бр. 1/2016 – 15 ком. ","  "," ","","  ","  ","  ",""," ",""
"[858407,1464549005]","  ","2024-10-14A12:45:22.000316+0000","  ","  ","16. Људска права у Европи (правни билтен) – бр. 2/2016 – 2 ком. ","  "," ","","  ","  ","  ",""," ",""
"[858407,1464549010]","  ","2024-10-14A12:45:22.000576+0000","  ","  ","17. Људска права у Европи (правни билтен) – бр. 3/2016 – 2 ком. ","  "," ","","  ","  ","  ",""," ",""
"[858407,1464549016]","  ","2024-10-14A12:45:22.000847+0000","  ","  ","18. Људска права у Европи (правни билтен) – бр. 1/2017 – 9 ком. ","  "," ","","  ","  ","  ",""," ",""
"[858407,1464549021]","  ","2024-10-14A12:45:23.000150+0000","  ","  ","19. Људска права у Европи (правни билтен) – бр. 2/2017 – 10 ком. ","  "," ","","  ","  ","  ",""," ",""
"[858407,1464549026]","  ","2024-10-14A12:45:23.000433+0000","  ","  ","20. Људска права у Европи (правни билтен) – бр. 3/2017 – 1 ком. ","  "," ","","  ","  ","  ",""," ",""
"[858407,1464549031]","  ","2024-10-14A12:45:23.000738+0000","  ","  ","21. Људска права у Европи (правни билтен) – бр.57/2004 – 1 ком. ","  "," ","","  ","  ","  ",""," ",""
"[858407,1464549037]","  ","2024-10-14A12:45:24.000078+0000","  ","  ","22.Људска права у Европи (правни билтен) – бр.58/2004 – 1 ком. ","  "," ","","  ","  ","  ",""," ",""
"[858407,1464549042]","  ","2024-10-14A12:45:24.000345+0000","  ","  ","23.Људска права у Европи (правни билтен) – бр.59/2004 – 2 ком. ","  "," ","","  ","  ","  ",""," ",""
"[858407,1464549046]","  ","2024-10-14A12:45:24.000647+0000","  ","  ","24.Људска права у Европи (правни билтен) – бр.60/2004 – 2 ком. ","  "," ","","  ","  ","  ",""," ",""
"[858407,1464549243]","  ","2024-10-14A12:45:24.000913+0000","  ","  ","25.Људска права у Европи (правни билтен) – бр.61/2005 – 1 ком. ","  "," ","","  ","  ","  ",""," ",""
"[858407,1464549256]","  ","2024-10-14A12:45:25.000335+0000","  ","  ","26. Људска права у Европи (правни билтен) – бр.62/2005 – 1 ком. ","  "," ","","  ","  ","  ",""," ",""
"[858407,1464549653]","  ","2024-10-14A12:45:25.000706+0000","  ","  ","27. Људска права у Европи (правни билтен) – бр.63/2005 – 1 ком. ","  "," ","","  ","  ","  ",""," ",""
"[858407,1464549659]","  ","2024-10-14A12:45:26.000104+0000","  ","  ","28. Људска права у Европи (правни билтен) – бр.65/2005 – 2 ком. ","  "," ","","  ","  ","  ",""," ",""
"[858407,1464549663]","  ","2024-10-14A12:45:26.000377+0000","  ","  ","29. Људска права у Европи (правни билтен) – бр.68/2005 – 1 ком. ","  "," ","","  ","  ","  ",""," ",""
"[858407,1464549667]","  ","2024-10-14A12:45:26.000654+0000","  ","  ","30. Људска права у Европи (правни билтен) – бр.69/2005 – 1 ком. ","  "," ","","  ","  ","  ",""," ",""
"[858407,1464549672]","  ","2024-10-14A12:45:26.000924+0000","  ","  ","31. Људска права у Европи (правни билтен) – бр.70/2005 – 1 ком. ","  "," ","","  ","  ","  ",""," ",""
"[858407,1464549678]","  ","2024-10-14A12:45:27.000267+0000","  ","  ","32. Људска права у Европи (правни билтен) – бр.73/2006 – 1 ком. ","  "," ","","  ","  ","  ",""," ",""
"[858407,1464549683]","  ","2024-10-14A12:45:27.000549+0000","  ","  ","33. Људска права у Европи (правни билтен) – бр.80/2006 – 3 ком. ","  "," ","","  ","  ","  ",""," ",""
"[858407,1464549687]","  ","2024-10-14A12:45:27.000807+0000","  ","  ","34. Људска права у Европи (правни билтен) – бр.83/2006 – 1 ком. ","  "," ","","  ","  ","  ",""," ",""
"[858407,1464549692]","  ","2024-10-14A12:45:28.000100+0000","  ","  ","35. Људска права у Европи (правни билтен) – бр.92/2007 – 1 ком. ","  "," ","","  ","  ","  ",""," ",""
"[858407,1464549697]","  ","2024-10-14A12:45:28.000429+0000","  ","  ","36. Људска права у Европи (правни билтен) – бр.93/2007 – 1 ком. ","  "," ","","  ","  ","  ",""," ",""
"[858407,1464549702]","  ","2024-10-14A12:45:28.000731+0000","  ","  ","37.Људска права у Европи (правни билтен) – бр.114/2009 – 1 ком. ","  "," ","","  ","  ","  ",""," ",""
"[858407,1464549732]","  ","2024-10-14A12:45:29.000098+0000","  ","  ","38. Људска права у Европи (правни билтен) – бр.115/2009 – 1 ком. ","  "," ","","  ","  ","  ",""," ",""
"[858407,1464549753]","  ","2024-10-14A12:45:29.000443+0000","  ","  ","39. Људска права у Европи (правни билтен) – бр.121/2010 – 2 ком. ","  "," ","","  ","  ","  ",""," ",""
"[858407,1464549784]","  ","2024-10-14A12:45:29.000757+0000","  ","  ","40. Људска права у Европи (правни билтен) – бр.122/2010 – 3 ком. ","  "," ","","  ","  ","  ",""," ",""
"[858407,1464549812]","  ","2024-10-14A12:45:30.000106+0000","  ","  ","41. Људска права у Европи (правни билтен) – бр.123/2010 – 2 ком. ","  "," ","","  ","  ","  ",""," ",""
"[858407,1464549834]","  ","2024-10-14A12:45:30.000455+0000","  ","  ","42. Људска права у Европи (правни билтен) – бр.124/2010 – 2 ком. ","  "," ","","  ","  ","  ",""," ",""
"[858407,1464549853]","  ","2024-10-14A12:45:30.000669+0000","  ","  ","43. Људска права у Европи (правни билтен) – бр.125/2010 – 1 ком. ","  "," ","","  ","  ","  ",""," ",""
"[858407,1464549882]","  ","2024-10-14A12:45:31.000013+0000","  ","  ","44. Људска права у Европи (правни билтен) – бр.131/2010 – 2 ком. ","  "," ","","  ","  ","  ",""," ",""
"[858407,1464549888]","  ","2024-10-14A12:45:31.000346+0000","  ","  ","45. Људска права у Европи (правни билтен) – бр.132/2010 – 2 ком. ","  "," ","","  ","  ","  ",""," ",""
"[858407,1464549904]","  ","2024-10-14A12:45:31.000625+0000","  ","  ","46. Људска права између Европске конвенције и Устава ЦГ – мр Марина Јовићевић – 2 ком. ","  "," ","","  ","  ","  ",""," ",""
"[858407,1464549911]","  ","2024-10-14A12:45:31.000926+0000","  ","  ","  ","  "," ","","  ","  ","  ",""," ",""
"[858407,1464549925]","  ","2024-10-14A12:45:32.000189+0000","  ","  ","М ","  "," ","","  ","  ","  ",""," ",""
"[858407,1464549933]","  ","2024-10-14A12:45:32.000465+0000","  ","  ","1. Међународни уговори – Књига 3, том 2 – Ратно право и безбједност – 1999.","  "," ","","  ","  ","  ",""," ",""
"[858407,1464549946]","  ","2024-10-14A12:45:32.000766+0000","  ","  ","2. Међународни уговори – Књига 3, том 3 - Ратно право и безбједност - 2003.- 2 ком.","  "," ","","  ","  ","  ",""," ",""
"[858407,1464549956]","  ","2024-10-14A12:45:33.000133+0000","  ","  ","3. Међународни уговори – Књига 6, том 2 – Саобраћај и комуникације – 2000. ","  "," ","","  ","  ","  ",""," ",""
"[858407,1464549970]","  ","2024-10-14A12:45:33.000476+0000","  ","  ","4. Међународни уговори – Књига 4, том 3 – Људске слободе и права - 2003.","  "," ","","  ","  ","  ",""," ",""
"[858407,1464549981]","  ","2024-10-14A12:45:33.000776+0000","  ","  ","5. Међународни уговори – Књига 5, том 1 – Трговина и облигације - 2004.","  "," ","","  ","  ","  ",""," ",""
"[858407,1464549992]","  ","2024-10-14A12:45:34.000084+0000","  ","  ","6. Мониторинг људских права у Црној Гори – 2009. ","  "," ","","  ","  ","  ",""," ",""
"[858407,1464550006]","  ","2024-10-14A12:45:34.000366+0000","  ","  ","7. Мониторинг правосудног система Црне Горе – 2012. ","  "," ","","  ","  ","  ",""," ",""
"[858407,1464550015]","  ","2024-10-14A12:45:34.000772+0000","  ","  ","8. Међународно кривично право – проф.др. Драго Радуловић ","  "," ","","  ","  ","  ",""," ",""
"[858407,1464550031]","  ","2024-10-14A12:45:35.000136+0000","  ","  ","9. Међународно кривично право – Проф.др.Боро Чејовић, проф.др.Бранко Вучковић, проф.др. Весна Вучковић – 2011. – 4 ком.""","  "," ","","  ","  ","  ",""," ",""
"[858407,1464550044]","  ","2024-10-14A12:45:35.000463+0000","  ","  ","  ","  "," ","","  ","  ","  ",""," ",""
"[858407,1464550053]","  ","2024-10-14A12:45:35.000785+0000","  ","  ","  ","  "," ","","  ","  ","  ",""," ",""
"[858407,1464550066]","  ","2024-10-14A12:45:36.000057+0000","  ","  ","Н ","  "," ","","  ","  ","  ",""," ",""
"[858407,1464550075]","  ","2024-10-14A12:45:36.000318+0000","  ","  ","1. Национални програм за интеграцију Црне Горе у ЕУ за период 2008-2012 ","  "," ","","  ","  ","  ",""," ",""
"[858407,1464550080]","  ","2024-10-14A12:45:36.000561+0000","  ","  ","2. Ново кривично законодавство у Црној Гори – март 2005. ","  "," ","","  ","  ","  ",""," ",""
"[858407,1464550086]","  ","2024-10-14A12:45:36.000896+0000","  ","  ","3. Национална конвенција о европској интеграцији Црне Горе – 2013/2014 ","  "," ","","  ","  ","  ",""," ",""
"[858407,1464550093]","  ","2024-10-14A12:45:37.000221+0000","  ","  ","  ","  "," ","","  ","  ","  ",""," ",""
"[858407,1464550100]","  ","2024-10-14A12:45:37.000576+0000","  ","  ","Њ ","  "," ","","  ","  ","  ",""," ",""
"[858407,1464550104]","  ","2024-10-14A12:45:37.000816+0000","  ","  ","  ","  "," ","","  ","  ","  ",""," ",""
"[858407,1464550112]","  ","2024-10-14A12:45:38.000113+0000","  ","  ","О ","  "," ","","  ","  ","  ",""," ",""
"[858407,1464550116]","  ","2024-10-14A12:45:38.000410+0000","  ","  ","1. Одабране пресуде Европског суда за људска права – 2009. ","  "," ","","  ","  ","  ",""," ",""
"[858407,1464550121]","  ","2024-10-14A12:45:38.000724+0000","  ","  ","2. Одабране пресуде Европског суда за људска права – 2011. ","  "," ","","  ","  ","  ",""," ",""
"[858407,1464550126]","  ","2024-10-14A12:45:39.000020+0000","  ","  ","3. Одабране пресуде Европског суда за људска права – 2012. ","  "," ","","  ","  ","  ",""," ",""
"[858407,1464550131]","  ","2024-10-14A12:45:39.000250+0000","  ","  ","4. Органи унутрашњих послова у обезбјеђивању доказа за кривични поступак – мр Велимир Ракочевић ","  "," ","","  ","  ","  ",""," ",""
"[858407,1464550135]","  ","2024-10-14A12:45:39.000516+0000","  ","  ","5. Одлуке Управног суда - 2005. – 2 ком. ","  "," ","","  ","  ","  ",""," ",""
"[858407,1464550333]","  ","2024-10-14A12:45:39.000858+0000","  ","  ","6. Одлуке Управног суда - 2006. – 2 ком. ","  "," ","","  ","  ","  ",""," ",""
"[858407,1464550338]","  ","2024-10-14A12:45:40.000130+0000","  ","  ","  ","  "," ","","  ","  ","  ",""," ",""
"[858407,1464550342]","  ","2024-10-14A12:45:40.000376+0000","  ","  ","П ","  "," ","","  ","  ","  ",""," ",""
"[858407,1464550346]","  ","2024-10-14A12:45:40.000639+0000","  ","  ","1. Приручник за примјену законика о кривичном поступку ЦГ ","  "," ","","  ","  ","  ",""," ",""
"[858407,1464550351]","  ","2024-10-14A12:45:40.000902+0000","  ","  ","2. Правилник о унутрашњем пословању државног тужиоца – 2007. ","  "," ","","  ","  ","  ",""," ",""
"[858407,1464550356]","  ","2024-10-14A12:45:41.000244+0000","  ","  ","3. Процес суочавања са прошлошћу у Црној Гори, случај Морињ – 2014. ","  "," ","","  ","  ","  ",""," ",""
"[858407,1464550360]","  ","2024-10-14A12:45:41.000522+0000","  ","  ","4. Пререгистрација и усклађивање општих аката предузећа – 1997. ","  "," ","","  ","  ","  ",""," ",""
"[858407,1464550366]","  ","2024-10-14A12:45:41.000832+0000","  ","  ","5. Правни зборник, библиографија","  "," ","","  ","  ","  ",""," ",""
"[858407,1464550370]","  ","2024-10-14A12:45:42.000122+0000","  ","  ","6. Правни зборник 1-2 1999/2000 ","  "," ","","  ","  ","  ",""," ",""
"[858407,1464550377]","  ","2024-10-14A12:45:42.000397+0000","  ","  ","7. Правни зборник 1-2/2003 ","  "," ","","  ","  ","  ",""," ",""
"[858407,1464550381]","  ","2024-10-14A12:45:42.000735+0000","  ","  ","8. Правни зборник 1-2/2006-2007 – 2 ком. ","  "," ","","  ","  ","  ",""," ",""
"[858407,1464550387]","  ","2024-10-14A12:45:43.000132+0000","  ","  ","9. Правни зборник 1-2/2008 ","  "," ","","  ","  ","  ",""," ",""
"[858407,1464550391]","  ","2024-10-14A12:45:43.000368+0000","  ","  ","10.Правни зборник 2/2009 ","  "," ","","  ","  ","  ",""," ",""
"[858407,1464550395]","  ","2024-10-14A12:45:43.000609+0000","  ","  ","11. Правни зборник 1-2/2010 ","  "," ","","  ","  ","  ",""," ",""
"[858407,1464550593]","  ","2024-10-14A12:45:43.000936+0000","  ","  ","12.Правни зборник 3-4/2010 ","  "," ","","  ","  ","  ",""," ",""
"[858407,1464550599]","  ","2024-10-14A12:45:44.000278+0000","  ","  ","13. Правни зборник 1/2011 – 3 ком. ","  "," ","","  ","  ","  ",""," ",""
"[858407,1464550603]","  ","2024-10-14A12:45:44.000555+0000","  ","  ","14. Правни зборник 1-2/2012 ","  "," ","","  ","  ","  ",""," ",""
"[858407,1464550608]","  ","2024-10-14A12:45:44.000808+0000","  ","  ","15. Правни зборник 3-4/2015 – 3 ком. ","  "," ","","  ","  ","  ",""," ",""
"[858407,1464550614]","  ","2024-10-14A12:45:45.000165+0000","  ","  ","16. Правни зборник 1/2016 – 4 ком. ","  "," ","","  ","  ","  ",""," ",""
"[858407,1464550619]","  ","2024-10-14A12:45:45.000568+0000","  ","  ","17. Правни зборник 2/2016 – 2 ком. ","  "," ","","  ","  ","  ",""," ",""
"[858407,1464551010]","  ","2024-10-14A12:45:45.000840+0000","  ","  ","18. Правни зборник 1/2017 – 2 ком. ","  "," ","","  ","  ","  ",""," ",""
"[858407,1464551015]","  ","2024-10-14A12:45:46.000200+0000","  ","  ","19. Правни зборник 1/2018 ","  "," ","","  ","  ","  ",""," ",""
"[858407,1464551020]","  ","2024-10-14A12:45:46.000492+0000","  ","  ","20. Правни живот, часопис за правну теорију и праксу 9-10/1994","  "," ","","  ","  ","  ",""," ",""
"[858407,1464551024]","  ","2024-10-14A12:45:46.000746+0000","  ","  ","21. Правни живот, часопис за правну теорију и праксу 11-12/1994","  "," ","","  ","  ","  ",""," ",""
"[858407,1464551028]","  ","2024-10-14A12:45:46.000992+0000","  ","  ","22. Правни живот, часопис за правну теорију и праксу 10/1996","  "," ","","  ","  ","  ",""," ",""
"[858407,1464551034]","  ","2024-10-14A12:45:47.000230+0000","  ","  ","23.Правни живот, часопис за правну теорију и праксу 11/1996","  "," ","","  ","  ","  ",""," ",""
"[858407,1464551039]","  ","2024-10-14A12:45:47.000618+0000","  ","  ","24. Правни живот, часопис за правну теорију и праксу 10/1997 ","  "," ","","  ","  ","  ",""," ",""
"[858407,1464551046]","  ","2024-10-14A12:45:47.000973+0000","  ","  ","25. Правни живот, часопис за правну теорију и праксу 12/1998","  "," ","","  ","  ","  ",""," ",""
"[858407,1464551051]","  ","2024-10-14A12:45:48.000281+0000","  ","  ","26. Правни живот, часопис за правну теорију и праксу 3-4/2003","  "," ","","  ","  ","  ",""," ",""
"[858407,1464551056]","  ","2024-10-14A12:45:48.000585+0000","  ","  ","27. Правни живот, часопис за правну теорију и праксу 5-6/2003","  "," ","","  ","  ","  ",""," ",""
"[858407,1464551061]","  ","2024-10-14A12:45:48.000890+0000","  ","  ","28. Правни живот, часопис за правну теорију и праксу 10/2003","  "," ","","  ","  ","  ",""," ",""
"[858407,1464551065]","  ","2024-10-14A12:45:49.000153+0000","  ","  ","29. Правни живот, часопис за правну теорију и праксу 1-2/2004 – 2 ком.","  "," ","","  ","  ","  ",""," ",""
"[858407,1464551073]","  ","2024-10-14A12:45:49.000769+0000","  ","  ","30. Правни живот, часопис за правну теорију и праксу 3-4/2004 – 2 ком. ","  "," ","","  ","  ","  ",""," ",""
"[858407,1464551077]","  ","2024-10-14A12:45:50.000173+0000","  ","  ","31. Правни живот, часопис за правну теорију и праксу 5-6/2004 – 2 ком.","  "," ","","  ","  ","  ",""," ",""
"[858407,1464551083]","  ","2024-10-14A12:45:50.000568+0000","  ","  ","32. Правни живот, часопис за правну теорију и праксу 7-8/2004 – 2 ком. ","  "," ","","  ","  ","  ",""," ",""
"[858407,1464551088]","  ","2024-10-14A12:45:50.000889+0000","  ","  ","33. Правни живот, часопис за правну теорију и праксу 1-2/2005","  "," ","","  ","  ","  ",""," ",""
"[858407,1464551091]","  ","2024-10-14A12:45:51.000220+0000","  ","  ","34. Правни живот, часопис за правну теорију и праксу 3-4/2005","  "," ","","  ","  ","  ",""," ",""
"[858407,1464551095]","  ","2024-10-14A12:45:51.000503+0000","  ","  ","35. Правни живот, часопис за правну теорију и праксу 5-6/2005","  "," ","","  ","  ","  ",""," ",""
"[858407,1464551099]","  ","2024-10-14A12:45:51.000872+0000","  ","  ","36. Правни живот, часопис за правну теорију и праксу 7-8/2005","  "," ","","  ","  ","  ",""," ",""
"[858407,1464551103]","  ","2024-10-14A12:45:52.000166+0000","  ","  ","37. Правни живот, часопис за правну теорију и праксу 1-2/2007 ","  "," ","","  ","  ","  ",""," ",""
"[858407,1464551106]","  ","2024-10-14A12:45:52.000432+0000","  ","  ","38. Правни живот, часопис за правну теорију и праксу 1-2/2008","  "," ","","  ","  ","  ",""," ",""
"[858407,1464551110]","  ","2024-10-14A12:45:52.000692+0000","  ","  ","39. Правни живот, часопис за правну теорију и праксу 3-4/2009","  "," ","","  ","  ","  ",""," ",""
"[858407,1464551116]","  ","2024-10-14A12:45:53.000067+0000","  ","  ","40. Правни живот, часопис за правну теорију и праксу 7-8/2011","  "," ","","  ","  ","  ",""," ",""
"[858407,1464551119]","  ","2024-10-14A12:45:53.000377+0000","  ","  ","41. Правни живот, часопис за правну теорију и праксу 5-6/2014 – 2 ком.","  "," ","","  ","  ","  ",""," ",""
"[858407,1464551123]","  ","2024-10-14A12:45:53.000604+0000","  ","  ","42. Правни живот, часопис за правну теорију и праксу 7-8/2014","  "," ","","  ","  ","  ",""," ",""
"[858407,1464551128]","  ","2024-10-14A12:45:53.000901+0000","  ","  ","  ","  "," ","","  ","  ","  ",""," ",""
"[858407,1464551133]","  ","2024-10-14A12:45:54.000155+0000","  ","  ","  ","  "," ","","  ","  ","  ",""," ",""
"[858407,1464551137]","  ","2024-10-14A12:45:54.000422+0000","  ","  ","С ","  "," ","","  ","  ","  ",""," ",""
"[858407,1464551142]","  ","2024-10-14A12:45:54.000746+0000","  ","  ","1. Сигурност и приступ правди (тужилаштво и безбједности ЛБГТ особа у ЦГ) - Милица Савељић и Александар Саша Зековић-2015 - 48 ком. ","  "," ","","  ","  ","  ",""," ",""
"[858407,1464551146]","  ","2024-10-14A12:45:55.000037+0000","  ","  ","2. Судска медицина – Драгана Чукић – 2012 – 10 ком. ","  "," ","","  ","  ","  ",""," ",""
"[858407,1464551151]","  ","2024-10-14A12:45:55.000330+0000","  ","  ","3. Стратегија реформе правосудја 2014/2018 – 4 ком. ","  "," ","","  ","  ","  ",""," ",""
"[858407,1464551155]","  ","2024-10-14A12:45:55.000637+0000","  ","  ","4. Стање и проблеми кривичног законодавства Црне Горе – 2008. ","  "," ","","  ","  ","  ",""," ",""
"[858407,1464551159]","  ","2024-10-14A12:45:55.000949+0000","  ","  ","5. Соланијада – Чедомир Љешевић – 2005. ","  "," ","","  ","  ","  ",""," ",""
"[858407,1464551163]","  ","2024-10-14A12:45:56.000237+0000","  ","  ","6. Свједочанства голооточних злочина – Милинко Стојановић – 1993. ","  "," ","","  ","  ","  ",""," ",""
"[858407,1464551361]","  ","2024-10-14A12:45:56.000646+0000","  ","  ","7. Стратегија и методологија кризног комуницирања Тужилаштва и јавности – 5 ком. ","  "," ","","  ","  ","  ",""," ",""
"[858407,1464551364]","  ","2024-10-14A12:45:56.000926+0000","  ","  ","8. Стратегија за односе са јавностима - 6 ком. ","  "," ","","  ","  ","  ",""," ",""
"[858407,1464551368]","  ","2024-10-14A12:45:57.000253+0000","  ","  ","9. Смртна казна, вјечна дилема – 1996. ","  "," ","","  ","  ","  ",""," ",""
"[858407,1464551373]","  ","2024-10-14A12:45:57.000524+0000","  ","  ","10. Стечајно процесно право – Гордана Станковић, Невена Петрушић – 2006.","  "," ","","  ","  ","  ",""," ",""
"[858407,1464551376]","  ","2024-10-14A12:45:57.000795+0000","  ","  ","11. Стварноправна средства обезбјеђења новчаних потраживања – 2003. ","  "," ","","  ","  ","  ",""," ",""
"[858407,1464551380]","  ","2024-10-14A12:45:58.000069+0000","  ","  ","12. Стечајни информатор бр.2/06 ","  "," ","","  ","  ","  ",""," ",""
"[858407,1464551384]","  ","2024-10-14A12:45:58.000386+0000","  ","  ","13. Судска пракса привредних судова 1995. ","  "," ","","  ","  ","  ",""," ",""
"[858407,1464551389]","  ","2024-10-14A12:45:58.000762+0000","  ","  ","14. Слободе изражавања, водич за тумачење чл.10 Европске Конвенције о људским правима и његовог контекста","  "," ","","  ","  ","  ",""," ",""
"[858407,1464551393]","  ","2024-10-14A12:45:59.000028+0000","  ","  ","Т ","  "," ","","  ","  ","  ",""," ",""
"[858407,1464551397]","  ","2024-10-14A12:45:59.000352+0000","  ","  ","  ","  "," ","","  ","  ","  ",""," ",""
"[858407,1464551403]","  ","2024-10-14A12:45:59.000739+0000","  ","  ","Ћ ","  "," ","","  ","  ","  ",""," ",""
"[858407,1464551421]","  ","2024-10-14A12:46:00.000900+0000","  ","  ","  ","  "," ","","  ","  ","  ",""," ",""
"[858407,1464551431]","  ","2024-10-14A12:46:02.000183+0000","  ","  ","  ","  "," ","","  ","  ","  ",""," ",""
"[858407,1464551436]","  ","2024-10-14A12:46:02.000548+0000","  ","  ","У ","  "," ","","  ","  ","  ",""," ",""
"[858407,1464551440]","  ","2024-10-14A12:46:02.000824+0000","  ","  ","  ","  "," ","","  ","  ","  ",""," ",""
"[858407,1464551637]","  ","2024-10-14A12:46:03.000146+0000","  ","  ","1. Узроци проституције и трговања женама – 2007 ","  "," ","","  ","  ","  ",""," ",""
"[858407,1464551642]","  ","2024-10-14A12:46:03.000561+0000","  ","  ","2. Управни поступак и управни спор, приручник – 1997.","  "," ","","  ","  ","  ",""," ",""
"[858407,1464551841]","  ","2024-10-14A12:46:03.000900+0000","  ","  ","3. Увод у право – Радомир Лукић, Будимир Кошутић... 2007.""","  "," ","","  ","  ","  ",""," ",""
"[858407,1464552040]","  ","2024-10-14A12:46:04.000216+0000","  ","  ","4. Уставни суд Црне Горе од 1963.до 2001.године – Радојко М.Ђуричанин – ","  "," ","","  ","  ","  ",""," ",""
"[858407,1464552045]","  ","2024-10-14A12:46:04.000862+0000","  ","  ","5. Устав Савезне Републике Југославије – 1992. – 2 ком. ","  "," ","","  ","  ","  ",""," ",""
"[858407,1464552054]","  ","2024-10-14A12:46:05.000341+0000","  ","  ","6. Уставноправни есеји – Милан Марковић – 2017.год. ","  "," ","","  ","  ","  ",""," ",""
"[858407,1464552183]","  ","2024-10-14A12:46:05.000862+0000","  ","  ","  ","  "," ","","  ","  ","  ",""," ",""
"[858407,1464552201]","  ","2024-10-14A12:46:11.000331+0000","  ","  ","Ф ","  "," ","","  ","  ","  ",""," ",""
"[858407,1464552213]","  ","2024-10-14A12:46:11.000771+0000","  ","  ","  ","  "," ","","  ","  ","  ",""," ",""
"[858407,1464552217]","  ","2024-10-14A12:46:12.000324+0000","  ","  ","Х ","  "," ","","  ","  ","  ",""," ",""
"[858407,1464552223]","  ","2024-10-14A12:46:12.000720+0000","  ","  ","  ","  "," ","","  ","  ","  ",""," ",""
"[858407,1464552227]","  ","2024-10-14A12:46:13.000015+0000","  ","  ","Ц ","  "," ","","  ","  ","  ",""," ",""
"[858407,1464552234]","  ","2024-10-14A12:46:13.000361+0000","  ","  ","  ","  "," ","","  ","  ","  ",""," ",""
"[858407,1464552237]","  ","2024-10-14A12:46:13.000837+0000","  ","  ","Џ ","  "," ","","  ","  ","  ",""," ",""
"[858407,1464552242]","  ","2024-10-14A12:46:14.000147+0000","  ","  ","  ","  "," ","","  ","  ","  ",""," ",""
"[858407,1464552248]","  ","2024-10-14A12:46:14.000415+0000","  ","  ","Ш","  "," ","","  ","  ","  ",""," ",""
"[858407,1489671629]","ana ana ana ana","2024-10-18A11:27:58.000907+0000","a","a","ana ana ana ana ana","a","a","a","ana","a","ana ana ana ana","","ana",""